customer_id,predicted_class,confidence,prob_High_Risk,prob_Low_Risk,prob_Medium_Risk,feature_Amount,feature_Value,feature_PricingStrategy,feature_FraudResult,feature_CountryCode
43159,Low Risk,0.5945763234372158,0.321633818730309,0.5945763234372158,0.08378985783249847,-1000.0,1000,2,0,256
83151,Low Risk,0.4967557853666449,0.25123491481547344,0.4967557853666449,0.25200929981788567,5000.0,5000,4,0,256
3189,High Risk,0.39031076557215855,0.39031076557215855,0.32404904206512086,0.28564019236275157,5000.0,5000,2,0,256
19191,Low Risk,0.6192412816511194,0.18012210138484466,0.6192412816511194,0.20063661696405677,1000.0,1000,4,0,256
19965,High Risk,0.60495793611793,0.60495793611793,0.011166330613762876,0.3838757332683384,-5000.0,5000,2,0,256
76326,Medium Risk,0.3631310831341365,0.2788284693805733,0.35804044748521696,0.3631310831341365,1000.0,1000,2,0,256
